JobTitle,BasePay,Overtimepay
CHEF,63657.27,2804.62
CHEF,63538.46,4308.74
CHEF,12027.58,609.98
CHEF,63538.46,8701.96
CHEF,63524.04,5789.76
COOK,55007.11,20322.32
COOK,8758.05,280.76
COOK,56231.6,3602.32
COOK,47676.6,3790.92
COOK,3072.58,914.25
COOK,56021.2,19396.23
COOK,56231.6,2714.77
COOK,56429.4,14775.45
COOK,16490.35,4959.15
COOK,11674.15,1080.12
COOK,56219.0,4099.76
COOK,48981.65,10598.99
COOK,54969.2,2723.99
COOK,56257.9,10031.06
COOK,56231.6,8263.17
COOK,49547.43,3274.83
COOK,49835.24,682.23
COOK,56143.74,11865.83
COOK,56231.6,4211.72
COOK,49125.0,4723.49
COOK,20509.1,278.16
COOK,56219.0,13604.75
COOK,37397.3,1912.5
COOK,42803.0,3004.86
COOK,56231.6,9035.46
BAKER,59924.88,3470.2
CLERK,46386.4,623.92
CLERK,39206.4,17362.15
CLERK,46386.4,2716.21
CLERK,37243.6,6201.13
CLERK,32884.94,2274.53
CLERK,6635.75,71.25
CLERK,46387.23,542.54
CLERK,46386.4,262.8
CLERK,46386.4,57036.75
CLERK,4664.5,142.5
CLERK,46405.44,3069.11
CLERK,7820.4,1466.31
CLERK,36581.2,5673.41
CLERK,20832.0,57.5
CLERK,33867.56,12060.66
CLERK,46386.42,834.35
CLERK,34385.19,837.0
CLERK,46386.4,2099.94
CLERK,46387.3,6119.92
CLERK,46463.88,2267.6
CLERK,32810.26,11166.22
CLERK,21513.96,561.72
CLERK,6640.5,142.5
CLERK,34223.79,5599.05
CLERK,17813.8,1009.62
CLERK,46387.4,3859.95
CLERK,46387.36,303.75
CLERK,19198.22,214.95
CLERK,8132.0,926.25
CLERK,46564.43,4684.72
CLERK,32964.4,3973.31
CLERK,46387.41,279.0
CLERK,32839.57,2222.43
CLERK,47591.14,323.67
CLERK,46386.62,3261.25
CLERK,46387.4,2134.82
CLERK,46386.4,2283.08
CLERK,16805.24,2776.57
CLERK,45756.33,1156.61
CLERK,45857.45,722.7
CLERK,41072.52,9645.66
CLERK,45334.38,52.31
CLERK,14752.0,1293.13
PORTER,47123.51,25645.01
PORTER,48279.72,5284.44
PORTER,48472.4,1891.38
PORTER,48472.45,1411.36
PORTER,47597.4,1624.04
PORTER,48472.4,1418.55
PORTER,40684.77,4177.81
PORTER,27934.35,274.5
PORTER,24053.29,544.2
PORTER,48224.11,14413.36
PORTER,47786.48,4167.22
PORTER,41843.28,4121.08
PORTER,48472.4,4232.11
PORTER,48472.4,39.74
PORTER,40418.0,2656.69
PORTER,48562.2,13328.72
PORTER,29354.51,1405.8
PORTER,48472.4,16682.24
PORTER,48461.5,15093.15
PORTER,48327.88,2550.0
PORTER,20354.2,495.46
PORTER,7640.51,582.9
PORTER,48472.4,2428.28
PORTER,48450.17,3274.1
PORTER,43431.16,3845.15
PORTER,48381.7,2552.32
PORTER,41015.61,2425.68
PORTER,48472.4,17797.95
PORTER,48246.1,9802.35
PORTER,11025.62,697.41
PORTER,8884.46,9.83
PORTER,907.0,74.76
PORTER,48495.1,10608.27
PORTER,48461.07,8312.49
PORTER,48472.4,3368.94
PORTER,48472.4,4981.76
PORTER,48472.4,3321.75
PORTER,39698.72,1843.45
PORTER,48425.66,2571.6
PORTER,40215.2,3013.07
PORTER,48472.4,289.79
PORTER,48146.51,24186.17
PORTER,49436.35,18185.84
PORTER,48472.41,15805.76
PORTER,46163.4,908.31
PORTER,8945.14,224.25
PORTER,46163.4,11981.69
PORTER,48472.4,17921.67
PORTER,46951.38,11040.84
PORTER,48578.51,8346.2
PORTER,40080.93,5653.65
PORTER,48098.7,10745.59
PORTER,48472.4,1515.1
PORTER,48472.4,3412.05
PORTER,15701.01,21.03
PORTER,48472.4,2702.27
PORTER,44435.08,7543.48
PORTER,48086.98,2726.17
PORTER,45531.53,317.95
PORTER,47134.57,291.45
PORTER,48472.4,2427.13
PORTER,48081.6,1190.64
PORTER,48242.82,14852.46
PORTER,48114.62,2826.58
PORTER,47934.55,1775.42
PORTER,29102.01,823.5
PORTER,518.8,725.6
PORTER,48472.45,2503.49
PORTER,45536.37,2649.1
PORTER,30732.68,2859.88
PORTER,16142.83,226.5
PORTER,48472.4,2829.15
PORTER,48266.91,9889.15
PORTER,48472.4,5068.0
PORTER,48472.4,2427.13
PORTER,34983.4,1132.42
PORTER,16645.47,2309.58
PORTER,48472.4,2711.87
PORTER,48472.41,2097.81
PORTER,48472.4,732.8
PORTER,46027.53,5183.62
PORTER,48461.5,2225.92
PORTER,41331.49,4361.49
PORTER,37553.29,325.9
PORTER,47894.31,11621.14
PORTER,48460.36,3125.39
PORTER,44432.44,3516.63
PORTER,25214.6,10519.14
PORTER,18140.0,10045.03
PORTER,47568.71,4394.07
PORTER,45218.31,2301.24
PORTER,48461.5,4258.18
PORTER,48291.0,2338.82
PORTER,48074.96,3120.6
PORTER,48440.23,2571.6
PORTER,46743.58,304.95
PORTER,39937.75,1611.0
PORTER,48472.4,22597.98
PORTER,48472.4,1281.4
PORTER,48472.4,2711.87
PORTER,46478.58,3187.3
PORTER,26121.6,1088.4
PORTER,46954.9,20881.88
PORTER,48472.4,2385.96
PORTER,48443.7,24098.9
PORTER,41876.39,6677.21
PORTER,47620.99,1423.35
PORTER,48472.4,5452.49
PORTER,48461.5,934.56
PORTER,40409.49,2293.27
PORTER,31086.64,9497.02
PORTER,48461.5,2716.0
PORTER,43204.96,4572.68
PORTER,40563.65,2531.86
PORTER,16781.39,235.35
PORTER,11813.75,1069.45
PORTER,48472.4,16314.82
PORTER,47562.65,961.05
PORTER,48472.57,665.45
PORTER,48398.05,2280.75
PORTER,47997.34,2279.49
PORTER,40118.4,1473.6
PORTER,48472.4,3284.4
PORTER,48038.82,1552.47
PORTER,47159.29,4254.8
PORTER,48279.7,3412.05
PORTER,48472.4,2562.0
PORTER,43047.86,4578.73
PORTER,26121.6,823.5
PORTER,16893.5,236.58
PORTER,48472.4,11681.43
PORTER,43293.66,4851.06
PORTER,17930.26,918.34
PORTER,48455.49,3740.1
PORTER,48472.4,1077.62
PORTER,44708.27,3842.68
PORTER,43338.29,1632.46
PORTER,40273.85,874.35
PORTER,48472.4,2959.46
PORTER,48461.51,1600.86
PORTER,27845.98,874.35
PORTER,48510.94,2169.08
PORTER,48245.65,3799.35
PORTER,41405.4,5134.85
PORTER,41399.66,6102.33
PORTER,48472.4,973.07
PORTER,48664.7,4449.67
PORTER,48472.4,2404.52
PORTER,48472.41,274.5
PORTER,43657.56,14290.2
PORTER,47244.13,2098.25
PORTER,46154.2,946.16
PORTER,48670.1,5964.77
PORTER,34468.74,1265.92
PORTER,35917.51,1131.9
PORTER,20554.7,17.27
PORTER,48438.82,30166.96
PORTER,48472.41,8649.23
PORTER,48461.5,9963.31
PORTER,48461.5,9644.71
PORTER,43423.46,6537.44
PORTER,41982.41,10130.19
PORTER,45591.55,26690.78
PORTER,48213.22,6982.23
PORTER,48472.4,2846.7
PORTER,46738.1,840.45
PORTER,48014.35,26646.43
PORTER,48472.4,10639.71
PORTER,48472.4,3443.34
ROOFER,58943.6,3939.35
ROOFER,72658.2,218.85
ROOFER,68076.62,875.4
ROOFER,60443.11,5635.71
ROOFER,72074.63,447.7
ROOFER,73095.9,218.85
ROOFER,54702.05,2845.1
ROOFER,72950.15,3911.99
VENDOR,36065.57,8287.15
VENDOR,41217.63,17449.64
VENDOR,40174.52,1041.62
VENDOR,41217.6,2630.85
VENDOR,35054.82,372.23
VENDOR,20993.48,2304.0
VENDOR,36065.56,9497.69
VENDOR,41217.62,10973.38
VENDOR,36065.56,7158.21
VENDOR,36045.08,15462.61
WELDER,77964.81,114.9
WELDER,66301.22,23584.48
WELDER,68798.66,54828.46
WELDER,77670.21,41939.58
WELDER,77964.8,5062.88
WELDER,77989.86,27503.63
WELDER,76491.8,34363.02
WELDER,61543.27,32586.49
WELDER,24600.57,2157.21
GLAZIER,77615.44,21028.04
GLAZIER,79193.0,485.08
GLAZIER,78561.98,8506.66
GLAZIER,54897.01,236.62
PAINTER,71131.45,6547.34
PAINTER,69694.48,6062.34
PAINTER,55944.92,3520.8
PAINTER,69838.5,14064.62
PAINTER,68401.21,9969.16
PAINTER,71706.3,3852.96
PAINTER,72927.81,53.88
PAINTER,58467.99,6439.53
PAINTER,71311.13,2882.98
PAINTER,32476.2,4149.34
PAINTER,71418.84,4903.77
PAINTER,71275.2,16022.57
PAINTER,70413.08,8379.49
PAINTER,71562.6,4310.99
PAINTER,71275.24,2694.38
PAINTER,22560.9,3448.72
PAINTER,30033.31,538.86
PAINTER,73287.0,4526.54
PAINTER,71562.6,7436.45
PAINTER,68958.04,14172.39
PAINTER,71706.28,7840.64
PAINTER,71706.3,1993.84
PAINTER,63729.14,3421.85
PAINTER,71706.28,6924.55
PAINTER,68394.01,5846.8
PAINTER,70987.8,565.83
PAINTER,34200.6,1293.3
PAINTER,31614.0,431.1
PAINTER,71850.02,6682.05
PAINTER,71993.7,3179.36
PAINTER,70987.8,3394.92
PAINTER,69838.2,5092.35
PAINTER,69392.01,4688.21
PAINTER,37375.68,1508.85
PAINTER,71418.91,9888.36
PAINTER,68537.71,15142.4
PAINTER,71562.6,7113.14
PAINTER,71418.9,7840.62
PAINTER,71921.92,3290.25
PAINTER,71059.74,8999.22
PAINTER,71024.81,2802.15
PAINTER,70269.3,8648.92
PAINTER,71131.51,1185.53
PAINTER,70772.25,484.99
PAINTER,66639.43,1508.86
PAINTER,61844.92,5060.01
PAINTER,71850.0,9645.84
PAINTER,61952.66,1841.16
PAINTER,57156.68,1616.61
PAINTER,71706.3,8029.25
PAINTER,70987.8,5658.2
PAINTER,71993.7,2748.26
PAINTER,70125.6,20099.82
PAINTER,69263.41,18995.16
PAINTER,71850.0,431.1
PAINTER,63695.11,538.87
PAINTER,71479.25,7490.35
PAINTER,37761.47,1562.74
PAINTER,71562.6,2802.15
PAINTER,70700.43,1508.85
PAINTER,49145.4,3879.89
PAINTER,33086.94,538.87
PAINTER,71131.57,6798.79
PAINTER,70269.3,5280.98
PAINTER,70224.39,14549.63
PAINTER,72137.4,1131.64
PAINTER,71993.7,8325.61
PAINTER,70844.1,53.88
PAINTER,68643.77,2424.92
PAINTER,21087.97,431.1
PAINTER,66964.2,2909.92
PAINTER,70987.8,9753.7
PAINTER,71131.5,6224.02
PAINTER,11100.82,431.1
PAINTER,71418.91,4580.44
PAINTER,17585.29,296.38
PAINTER,70718.41,7113.13
PAINTER,71490.76,3951.9
PAINTER,69694.5,14845.92
PAINTER,72424.8,2371.04
PAINTER,70987.8,2613.54
PAINTER,68634.74,538.87
PLUMBER,89735.1,15258.6
PLUMBER,90098.4,136.23
PLUMBER,91551.65,11464.4
PLUMBER,90280.06,9611.62
PLUMBER,89735.15,138.94
PLUMBER,91006.65,7310.55
PLUMBER,86647.06,11273.65
PLUMBER,90280.08,6696.08
PLUMBER,91551.6,8344.56
PLUMBER,57401.4,3632.99
PLUMBER,85588.94,1089.9
PLUMBER,91188.3,45707.93
PLUMBER,60421.32,69.47
PLUMBER,90643.37,382.14
PLUMBER,90280.05,9866.3
PLUMBER,92142.01,74.93
PLUMBER,90643.35,10354.05
PLUMBER,88281.9,12784.55
PLUMBER,90098.44,1566.72
PLUMBER,89371.81,19379.89
PLUMBER,89371.8,13245.76
PLUMBER,89371.81,12397.67
PLUMBER,89735.1,7629.38
PLUMBER,90280.06,13010.93
PLUMBER,90597.94,6282.83
PLUMBER,91369.95,11876.53
PLUMBER,90531.71,5960.35
PLUMBER,89371.8,25742.79
PLUMBER,12715.5,22.71
PLUMBER,88645.25,31062.3
PLUMBER,89008.57,12159.22
PLUMBER,49181.75,1464.54
PLUMBER,90280.06,3303.72
PLUMBER,90280.05,20776.24
PLUMBER,91737.12,1658.72
PLUMBER,90280.06,13270.9
PLUMBER,88100.28,416.88
PLUMBER,43323.54,68.11
PLUMBER,90098.4,12261.38
PLUMBER,90098.4,5350.04
PLUMBER,90098.43,1106.91
PLUMBER,90461.7,4189.26
PLUMBER,89916.8,11580.2
PLUMBER,48318.9,3542.18
PLUMBER,89735.15,23659.68
PLUMBER,88281.94,18664.59
PLUMBER,89735.1,18426.13
PLUMBER,89735.1,1573.56
PLUMBER,80233.0,544.95
PLUMBER,89553.45,15599.19
PLUMBER,91551.62,4238.43
ENGINEER,120937.05,1242.71
GARDENER,60663.83,2639.77
GARDENER,59236.0,2016.81
GARDENER,54987.3,85.1
GARDENER,58528.0,5125.4
GARDENER,55291.56,4956.99
GARDENER,58292.0,1005.58
GARDENER,57581.79,178.77
GARDENER,56390.63,6490.66
GARDENER,50481.32,1096.97
GARDENER,58764.0,5043.16
GARDENER,58528.0,11744.09
GARDENER,56245.65,11325.25
GARDENER,56674.35,5033.23
GARDENER,59000.0,446.92
GARDENER,58292.0,670.38
GARDENER,25102.5,357.54
GARDENER,48502.11,1380.6
GARDENER,55354.7,5999.13
GARDENER,57442.03,10251.89
GARDENER,58528.0,4317.27
GARDENER,57492.52,2932.52
GARDENER,58406.79,1184.13
GARDENER,58401.1,762.49
GARDENER,58592.9,2830.68
GARDENER,54987.3,3708.49
GARDENER,54136.65,15943.03
GARDENER,58292.0,782.12
GARDENER,58174.0,73.68
GARDENER,55592.5,3147.28
GARDENER,55094.3,648.42
GARDENER,58882.0,2750.58
GARDENER,58528.0,3966.78
GARDENER,57731.5,223.47
GARDENER,58410.0,379.89
GARDENER,56447.67,4286.98
GARDENER,58528.0,178.77
GARDENER,55233.4,675.85
GARDENER,58528.0,6525.09
GARDENER,61360.0,2162.96
GARDENER,56939.72,4469.25
GARDENER,49502.48,9330.43
GARDENER,55895.12,2240.19
GARDENER,58528.0,5970.21
GARDENER,58646.0,3547.63
GARDENER,58528.0,3579.17
GARDENER,58764.0,1214.15
GARDENER,51997.61,2033.52
GARDENER,57820.0,4294.24
GARDENER,58528.0,2927.38
GARDENER,59411.0,1307.32
GARDENER,59118.0,7049.92
GARDENER,59000.0,957.79
GARDENER,46072.83,10533.26
GARDENER,33981.64,1117.31
GARDENER,58528.0,1465.06
GARDENER,54249.72,170.13
GARDENER,59769.4,5034.99
GARDENER,50997.58,9092.81
GARDENER,58528.0,1519.56
GARDENER,50677.33,1251.27
GARDENER,38979.24,44.69
GARDENER,57938.0,5956.72
GARDENER,59345.11,3121.88
GARDENER,58764.0,1396.75
GARDENER,46850.89,459.47
GARDENER,36504.82,2712.15
GARDENER,58292.0,1105.15
GARDENER,58412.4,759.77
GARDENER,55674.61,893.84
GARDENER,48649.0,122.52
GARDENER,50732.34,1705.91
GARDENER,48728.22,366.65
GARDENER,59000.0,4946.71
GARDENER,58056.0,147.36
GARDENER,47820.42,4510.82
GARDENER,39179.28,6129.43
GARDENER,58292.0,17985.72
GARDENER,59472.0,9927.04
GARDENER,58528.0,5005.56
GARDENER,49349.32,992.45
GARDENER,48380.0,4576.47
GARDENER,59354.0,6091.14
GARDENER,58292.0,625.7
GARDENER,58528.0,16930.67
GARDENER,58036.9,8219.11
GARDENER,58764.0,992.09
GARDENER,54222.25,5308.69
GARDENER,19992.3,91.9
GARDENER,48675.0,357.54
GARDENER,55357.27,10314.4
GARDENER,57495.5,89.39
GARDENER,46839.53,1240.4
GARDENER,45853.92,1951.55
GARDENER,57584.01,938.55
GARDENER,58176.4,523.48
GARDENER,58292.0,89.39
GARDENER,54773.3,783.48
GARDENER,61360.0,2882.45
GARDENER,56713.91,4879.91
GARDENER,57031.2,170.21
GARDENER,55885.1,1287.31
GARDENER,57820.0,3766.81
GARDENER,59000.0,2078.21
GARDENER,58528.0,491.18
GARDENER,58159.25,1286.29
GARDENER,58056.0,536.31
GARDENER,56404.0,625.69
GARDENER,44847.46,2613.66
GARDENER,52427.61,7395.23
GARDENER,58174.0,122.8
GARDENER,56676.59,1443.47
GARDENER,39560.25,6005.95
GARDENER,58199.96,67.04
GARDENER,51991.01,13437.27
GARDENER,54992.92,12511.64
GARDENER,59590.0,5623.83
GARDENER,38592.21,2058.59
GARDENER,57584.0,8705.85
GARDENER,58292.0,7225.38
GARDENER,61360.0,3963.02
GARDENER,59000.0,3677.2
GARDENER,58764.0,2256.98
GARDENER,53172.32,591.65
GARDENER,56584.62,4543.4
GARDENER,33525.54,59.0
GARDENER,58528.0,13321.52
GARDENER,58882.0,1281.18
GARDENER,58764.0,759.79
GARDENER,57292.63,1480.03
GARDENER,52532.89,434.09
GARDENER,59448.4,13605.29
GARDENER,58764.01,2592.15
GARDENER,47867.5,9229.24
GARDENER,58556.7,44.69
GARDENER,45191.98,323.17
GARDENER,44019.99,36.39
GARDENER,58646.0,536.31
GARDENER,55634.94,2413.35
GARDENER,51131.06,425.53
GARDENER,58128.6,4890.29
GARDENER,57245.26,2625.97
GARDENER,24468.73,1029.21
GARDENER,58528.0,15085.34
GARDENER,58174.0,1421.1
GARDENER,53859.63,4417.62
GARDENER,52176.09,5456.35
GARDENER,57612.7,134.08
GARDENER,54987.3,2000.34
GARDENER,54550.54,170.21
GARDENER,15588.69,366.39
GARDENER,58174.0,11523.64
GARDENER,59236.01,9351.05
GARDENER,58292.0,4752.3
GARDENER,61360.0,1184.36
GARDENER,58882.0,30.0
GARDENER,51017.6,325.39
GARDENER,27662.45,648.05
GARDENER,57820.0,111.74
GARDENER,46220.06,459.47
GARDENER,37263.07,2924.9
GARDENER,58764.0,18373.95
GARDENER,57938.0,2528.96
GARDENER,56791.03,2994.4
GARDENER,55736.0,436.23
GARDENER,49521.95,1556.78
GARDENER,28508.35,1227.71
GARDENER,27843.55,1543.94
CARPENTER,78150.02,1641.18
CARPENTER,77837.5,14594.54
CARPENTER,79244.18,3516.78
CARPENTER,77603.0,937.8
CARPENTER,79350.6,468.9
CARPENTER,77212.26,4864.86
CARPENTER,77993.75,2579.01
CARPENTER,74031.14,2813.46
CARPENTER,75565.25,11898.3
CARPENTER,77681.12,2735.31
CARPENTER,77993.7,14770.34
CARPENTER,77368.52,908.48
CARPENTER,77837.49,8938.43
CARPENTER,76899.63,1318.77
CARPENTER,77524.81,1289.47
CARPENTER,77837.41,1822.97
CARPENTER,77055.97,1992.86
CARPENTER,77837.55,10491.67
CARPENTER,76743.43,7663.57
CARPENTER,78462.61,937.78
CARPENTER,74711.53,11927.65
CARPENTER,77573.27,7092.13
CARPENTER,77681.13,1318.76
CARPENTER,30888.79,195.37
CARPENTER,78150.02,114.91
CARPENTER,77993.74,7326.56
CARPENTER,47935.28,6564.6
CARPENTER,77837.4,14711.73
CARPENTER,76743.34,12103.49
CARPENTER,76899.6,21012.52
CARPENTER,78775.2,4220.13
CARPENTER,70423.9,8557.43
CARPENTER,77212.21,4894.15
CARPENTER,77524.89,4337.35
CARPENTER,76743.36,3340.93
CARPENTER,67826.0,3360.45
CARPENTER,62474.59,1465.3
CARPENTER,77368.53,2579.01
CARPENTER,53009.58,996.4
CARPENTER,77540.54,8088.52
CARPENTER,77212.21,7150.77
CARPENTER,77212.26,2256.59
CARPENTER,76587.07,732.66
CARPENTER,8406.98,19.54
CARPENTER,77524.84,5421.65
CARPENTER,23171.48,937.8
CARPENTER,78775.25,8308.3
CARPENTER,72835.83,586.12
CARPENTER,78150.0,16645.94
CARPENTER,76274.43,3165.13
CARPENTER,78150.0,2403.09
CARPENTER,77212.22,6740.44
CARPENTER,78443.23,1567.88
CASHIER I,48238.4,4302.0
CASHIER I,46535.94,6041.4
CASHIER I,12640.57,474.01
CASHIER I,28998.0,690.0
CASHIER I,33845.74,888.13
CUSTODIAN,48472.4,1570.46
CUSTODIAN,48461.54,1831.88
CUSTODIAN,41168.42,2069.62
CUSTODIAN,40830.73,2104.85
CUSTODIAN,13415.04,252.28
CUSTODIAN,48472.4,3856.31
CUSTODIAN,48472.45,1536.25
CUSTODIAN,48279.73,1212.08
CUSTODIAN,48472.4,2571.6
CUSTODIAN,47741.6,3623.71
CUSTODIAN,45805.36,2803.7
CUSTODIAN,41888.1,1342.45
CUSTODIAN,40866.24,746.48
CUSTODIAN,31460.2,1585.49
CUSTODIAN,48472.4,10372.5
CUSTODIAN,48472.4,3085.65
CUSTODIAN,47759.0,4799.83
CUSTODIAN,47985.21,2912.61
CUSTODIAN,48472.44,1239.98
CUSTODIAN,48472.4,1988.7
CUSTODIAN,46111.95,1385.95
CUSTODIAN,48472.4,274.5
CUSTODIAN,48472.4,289.05
CUSTODIAN,42142.81,887.2
CUSTODIAN,40209.87,780.62
CUSTODIAN,48472.4,3430.0
CUSTODIAN,48472.4,6650.65
CUSTODIAN,48461.51,2169.08
CUSTODIAN,48472.4,994.57
CUSTODIAN,48472.42,2405.22
CUSTODIAN,48472.4,1168.32
CUSTODIAN,44125.58,5664.32
CUSTODIAN,47750.31,3241.23
CUSTODIAN,48472.45,2238.77
CUSTODIAN,33248.97,1295.3
CUSTODIAN,32907.59,924.63
CUSTODIAN,14275.24,674.58
CUSTODIAN,48472.45,3053.56
CUSTODIAN,48472.45,3071.86
CUSTODIAN,48400.18,3368.13
CUSTODIAN,47890.45,629.14
CUSTODIAN,47904.19,3552.02
CUSTODIAN,48642.9,1697.85
CUSTODIAN,48472.4,1406.4
CUSTODIAN,47297.64,935.87
CUSTODIAN,48581.42,1293.98
CUSTODIAN,48472.45,3368.13
CUSTODIAN,48461.5,2438.19
CUSTODIAN,48472.44,2757.29
CUSTODIAN,48461.54,2146.45
CUSTODIAN,47759.0,5177.4
CUSTODIAN,46643.51,1221.68
CUSTODIAN,44822.83,271.59
CUSTODIAN,47568.9,445.14
CUSTODIAN,47985.22,72.26
CUSTODIAN,44475.14,271.59
CUSTODIAN,33793.24,7243.7
CUSTODIAN,26300.61,4208.75
CUSTODIAN,20511.4,1566.71
CUSTODIAN,48472.39,961.05
CUSTODIAN,47724.14,1262.76
CUSTODIAN,48472.46,2405.22
CUSTODIAN,48472.4,2929.33
CUSTODIAN,48461.5,1988.7
CUSTODIAN,4446.66,507.36
CUSTODIAN,48472.4,2804.98
CUSTODIAN,48472.46,2165.39
CUSTODIAN,48472.4,3120.6
CUSTODIAN,42856.87,180.65
CUSTODIAN,32584.36,461.85
CUSTODIAN,25214.6,988.63
CUSTODIAN,22744.58,1042.67
CUSTODIAN,48461.5,1884.17
CUSTODIAN,48461.5,941.76
CUSTODIAN,48472.4,1246.04
CUSTODIAN,48472.4,320.35
CUSTODIAN,48555.62,2829.15
CUSTODIAN,48472.45,629.14
CUSTODIAN,48461.54,312.17
CUSTODIAN,48472.4,1819.32
CUSTODIAN,47759.0,2380.17
CUSTODIAN,47759.0,324.87
CUSTODIAN,48087.0,289.05
CUSTODIAN,45151.21,1178.14
CUSTODIAN,29910.88,536.91
CUSTODIAN,28352.32,1073.16
CUSTODIAN,9227.42,708.36
CUSTODIAN,48461.54,2128.15
CUSTODIAN,48472.41,833.71
CUSTODIAN,39721.88,274.89
CUSTODIAN,31510.57,536.91
CUSTODIAN,29926.49,1062.27
CUSTODIAN,28361.21,536.91
CUSTODIAN,48461.85,11507.09
CUSTODIAN,48461.54,2146.45
CUSTODIAN,48472.45,1536.25
CUSTODIAN,47974.3,2205.45
CUSTODIAN,41974.43,2648.24
CUSTODIAN,41956.95,1023.93
CUSTODIAN,31492.52,1361.58
CUSTODIAN,48472.4,10346.8
CUSTODIAN,48472.43,7907.75
CUSTODIAN,48472.45,2442.72
CUSTODIAN,48472.4,1564.47
CUSTODIAN,47100.99,2185.88
CUSTODIAN,48461.5,1807.73
CUSTODIAN,48461.54,1817.48
CUSTODIAN,48461.52,2120.21
CUSTODIAN,48461.5,2022.6
CUSTODIAN,48472.4,1177.36
CUSTODIAN,41084.28,943.71
CUSTODIAN,37216.61,736.74
CUSTODIAN,28345.59,1622.94
CUSTODIAN,25994.61,218.59
CUSTODIAN,48461.53,1499.65
CUSTODIAN,48472.4,292.91
CUSTODIAN,48472.4,1972.35
CUSTODIAN,46061.04,284.95
CUSTODIAN,41041.7,958.8
CUSTODIAN,39915.84,2072.8
CUSTODIAN,48461.55,1203.38
CUSTODIAN,48461.5,2246.25
CUSTODIAN,32741.36,224.25
CUSTODIAN,47974.3,6677.45
CUSTODIAN,48472.4,2524.87
CUSTODIAN,48472.4,2167.24
CUSTODIAN,47985.2,2710.26
CUSTODIAN,48472.41,1234.52
CUSTODIAN,48176.6,1194.24
CUSTODIAN,48472.4,2846.1
CUSTODIAN,48487.71,1247.33
CUSTODIAN,46039.1,302.77
CUSTODIAN,48472.4,578.1
CUSTODIAN,42927.6,805.54
CUSTODIAN,29926.51,1057.82
CUSTODIAN,20511.4,1547.7
CUSTODIAN,48483.37,3053.56
CUSTODIAN,48472.45,1536.25
CUSTODIAN,48461.5,2058.06
CUSTODIAN,47759.03,2622.99
CUSTODIAN,48472.4,1375.22
CUSTODIAN,41917.05,2318.38
CUSTODIAN,45499.38,874.35
CUSTODIAN,42056.44,1568.68
CUSTODIAN,31499.58,770.06
CUSTODIAN,31483.99,770.06
CUSTODIAN,8158.81,258.89
CUSTODIAN,47759.0,5826.32
CUSTODIAN,48425.63,5899.24
CUSTODIAN,48461.51,1831.88
CUSTODIAN,46216.54,3022.43
CUSTODIAN,46101.55,1139.8
CUSTODIAN,46511.2,840.45
CUSTODIAN,32792.89,536.91
CUSTODIAN,32890.84,1048.92
CUSTODIAN,31483.65,536.91
CUSTODIAN,29926.44,549.78
CUSTODIAN,30482.29,774.03
CUSTODIAN,29918.63,1011.63
CUSTODIAN,14511.97,839.82
CUSTODIAN,50500.9,6367.65
CUSTODIAN,48461.5,2169.08
CUSTODIAN,48472.45,1536.25
CUSTODIAN,48472.46,2779.1
CUSTODIAN,48472.4,1723.03
CUSTODIAN,41958.04,1575.34
CUSTODIAN,36738.38,1667.03
CUSTODIAN,32907.6,824.67
CUSTODIAN,48472.46,1536.25
CUSTODIAN,48280.1,2001.64
CUSTODIAN,48472.64,1455.48
CUSTODIAN,41812.3,640.7
CUSTODIAN,40843.57,208.45
CUSTODIAN,28816.51,549.78
CUSTODIAN,17789.05,498.8
CUSTODIAN,50192.58,2214.13
CUSTODIAN,48461.54,2441.82
CUSTODIAN,44987.28,2568.38
CUSTODIAN,48461.5,1697.25
CUSTODIAN,48472.4,1423.35
CUSTODIAN,46104.0,569.9
CUSTODIAN,48390.88,455.39
CUSTODIAN,48472.4,171.56
CUSTODIAN,48472.41,307.12
CUSTODIAN,41044.34,1078.91
CUSTODIAN,29940.98,1044.95
CUSTODIAN,29934.33,536.91
CUSTODIAN,48472.4,3109.65
CUSTODIAN,48472.4,6196.0
CUSTODIAN,36289.67,4612.73
CUSTODIAN,47962.65,1714.2
CUSTODIAN,48072.2,72.26
CUSTODIAN,26303.0,5399.64
CUSTODIAN,31348.19,2707.4
CUSTODIAN,48461.54,2146.45
CUSTODIAN,46111.95,1982.72
CUSTODIAN,44969.9,1211.08
CUSTODIAN,48472.4,342.92
CUSTODIAN,48472.4,157.28
CUSTODIAN,41765.39,854.85
CUSTODIAN,29926.48,1086.03
CUSTODIAN,28328.87,1086.69
CUSTODIAN,20511.4,262.02
CUSTODIAN,13287.02,238.2
CUSTODIAN,48461.54,2461.02
CUSTODIAN,48472.4,1559.99
CUSTODIAN,48472.43,2424.42
CUSTODIAN,48472.4,1253.16
CUSTODIAN,43129.8,6500.04
CUSTODIAN,48472.46,1536.25
CUSTODIAN,48461.53,1211.44
CUSTODIAN,48462.4,1554.6
CUSTODIAN,48472.4,3084.67
CUSTODIAN,48472.4,857.4
CUSTODIAN,31507.39,1607.6
CUSTODIAN,25940.2,1297.54
CUSTODIAN,0.0,334.61
CUSTODIAN,48472.45,3053.56
CUSTODIAN,48472.4,640.7
CUSTODIAN,48472.42,3632.08
CUSTODIAN,48472.46,1536.25
CUSTODIAN,48472.41,4204.63
CUSTODIAN,48461.5,1743.49
CUSTODIAN,41179.64,5241.41
CUSTODIAN,48472.42,157.28
CUSTODIAN,45777.49,188.72
CUSTODIAN,35190.42,363.15
CUSTODIAN,32856.53,1286.52
CUSTODIAN,20526.83,1023.66
CUSTODIAN,48461.5,1869.77
CUSTODIAN,48472.43,2109.85
CUSTODIAN,48472.45,1221.68
CUSTODIAN,48461.5,1988.7
CUSTODIAN,48472.4,832.65
CUSTODIAN,44978.56,302.12
CUSTODIAN,41893.64,1066.9
CUSTODIAN,40852.21,1282.82
CUSTODIAN,31492.48,1066.86
CUSTODIAN,48472.4,622.06
CUSTODIAN,48472.39,916.57
CUSTODIAN,48472.45,907.11
CUSTODIAN,46706.8,578.1
CUSTODIAN,31491.72,1594.73
CUSTODIAN,8786.4,784.5
CUSTODIAN,48269.03,10602.43
CUSTODIAN,48461.5,915.92
CUSTODIAN,48461.5,1570.46
CUSTODIAN,48472.4,2297.1
CUSTODIAN,48472.4,291.45
CUSTODIAN,47739.4,1939.92
CUSTODIAN,25949.95,5136.55
CUSTODIAN,48472.4,6677.13
CUSTODIAN,48472.4,2506.88
CUSTODIAN,48472.45,2461.02
CUSTODIAN,47759.0,1385.91
CUSTODIAN,33579.02,72.26
CUSTODIAN,17468.0,1048.08
CUSTODIAN,48466.38,897.31
CUSTODIAN,48466.38,1515.1
CUSTODIAN,48461.56,3159.22
CUSTODIAN,48472.4,2253.6
CUSTODIAN,47179.94,3846.92
CUSTODIAN,48472.4,1422.75
CUSTODIAN,48461.5,580.5
CUSTODIAN,48460.94,1619.61
CUSTODIAN,32907.63,224.25
CUSTODIAN,48472.41,1187.04
CUSTODIAN,47745.4,361.32
CUSTODIAN,32892.01,549.78
CUSTODIAN,28337.79,1086.69
CUSTODIAN,48472.4,2761.92
CUSTODIAN,48257.42,2760.4
CUSTODIAN,48472.44,2775.59
CUSTODIAN,48461.54,2425.06
CUSTODIAN,48472.45,1814.22
CUSTODIAN,48461.5,1514.46
CUSTODIAN,45973.85,1395.65
CUSTODIAN,46522.09,2066.88
CUSTODIAN,46111.9,793.35
CUSTODIAN,42952.8,1323.32
CUSTODIAN,25254.28,277.22
CUSTODIAN,29910.86,824.67
CUSTODIAN,48461.53,2146.45
CUSTODIAN,48472.4,883.02
CUSTODIAN,38955.53,814.01
CUSTODIAN,32907.58,1561.41
CUSTODIAN,32899.73,549.78
CUSTODIAN,48461.5,7817.38
CUSTODIAN,48472.42,1820.14
CUSTODIAN,46543.04,1536.25
CUSTODIAN,48472.4,1480.71
CUSTODIAN,48461.5,1168.26
CUSTODIAN,46248.62,274.5
CUSTODIAN,38837.44,592.54
CUSTODIAN,41051.78,1078.91
CUSTODIAN,39332.8,1187.06
CUSTODIAN,48472.4,2826.58
CUSTODIAN,48472.45,2757.29
CUSTODIAN,48472.45,3053.56
CUSTODIAN,48472.4,474.57
CUSTODIAN,48351.97,304.95
CUSTODIAN,41241.14,2166.61
CUSTODIAN,41894.82,499.8
CUSTODIAN,41043.78,374.86
CUSTODIAN,36847.52,549.0
CUSTODIAN,48472.45,1536.25
CUSTODIAN,48285.33,299.31
CUSTODIAN,46046.29,1853.97
CUSTODIAN,48461.5,816.3
CUSTODIAN,45087.87,1122.3
CUSTODIAN,39294.58,724.05
CUSTODIAN,48461.5,1582.46
CUSTODIAN,45773.13,605.54
CUSTODIAN,48472.4,1105.35
CUSTODIAN,48472.4,634.37
CUSTODIAN,48461.5,163.94
CUSTODIAN,45347.77,641.31
CUSTODIAN,43727.17,1954.8
CUSTODIAN,32672.95,1001.46
CUSTODIAN,17001.33,491.28
CUSTODIAN,48461.53,7647.53
CUSTODIAN,48472.4,916.57
CUSTODIAN,47560.24,1624.24
CUSTODIAN,48461.5,2167.24
CUSTODIAN,48472.46,1536.25
CUSTODIAN,48472.46,943.71
CUSTODIAN,48472.4,2450.24
CUSTODIAN,46111.95,1680.6
CUSTODIAN,48472.4,289.05
CUSTODIAN,41000.17,2085.62
CUSTODIAN,41958.02,499.8
CUSTODIAN,40284.24,824.67
CUSTODIAN,31515.22,1635.81
CUSTODIAN,25907.56,5255.24
CUSTODIAN,48472.41,7079.77
CUSTODIAN,48466.73,3059.32
CUSTODIAN,48472.4,2487.68
CUSTODIAN,48472.41,3492.89
CUSTODIAN,47750.3,3303.26
CUSTODIAN,48472.4,2537.7
CUSTODIAN,46893.71,1536.25
CUSTODIAN,45371.24,1564.47
CUSTODIAN,33706.49,3946.74
CUSTODIAN,29949.91,262.02
CUSTODIAN,48472.4,2807.94
CUSTODIAN,48461.53,2424.42
CUSTODIAN,48472.4,1423.35
CUSTODIAN,46565.2,1176.57
CUSTODIAN,48472.41,192.7
CUSTODIAN,41155.49,1310.31
CUSTODIAN,37544.16,824.67
CUSTODIAN,39421.71,1381.65
CUSTODIAN,48472.45,3053.56
CUSTODIAN,48472.45,1257.64
CUSTODIAN,31484.7,536.91
CUSTODIAN,48461.54,2146.45
CUSTODIAN,48461.5,1852.43
CUSTODIAN,48472.4,4283.15
CUSTODIAN,48472.48,489.44
CUSTODIAN,29948.04,782.93
CUSTODIAN,25758.8,549.0
CUSTODIAN,48472.41,2205.17
CUSTODIAN,48461.54,1831.88
CUSTODIAN,48472.4,961.05
CUSTODIAN,48472.4,3236.2
CUSTODIAN,48461.53,1535.61
CUSTODIAN,48472.4,2829.15